Date,Type,Entry_Price,Exit_Price,Gross_PnL,Fees,Net_PnL,Win,YearMonth,Year
2024-04-30 08:00,SHORT,64513.89453125,61933.338749999995,258.05557812500047,12.644723328125,245.41085479687547,Yes,2024-04,2024
2024-05-03 12:00,SHORT,59110.0078125,59819.32790625,-70.93200937500005,11.892933571875002,-82.82494294687504,No,2024-05,2024
2024-05-03 20:00,SHORT,61662.1953125,62402.14165625,-73.99463437500017,12.406433696875002,-86.40106807187519,No,2024-05,2024
2024-05-04 10:00,SHORT,62860.75,63615.079,-75.43289999999979,12.647582900000002,-88.0804828999998,No,2024-05,2024
2024-05-07 23:00,LONG,63165.90625,62407.915375,-75.79908750000031,12.557382162500001,-88.35646966250032,No,2024-05,2024
2024-05-10 17:00,SHORT,63295.296875,60763.485,253.18118749999996,12.4058781875,240.77530931249996,Yes,2024-05,2024
2024-05-13 08:00,SHORT,61626.58203125,62366.101015625,-73.95189843749976,12.3992683046875,-86.35116674218727,No,2024-05,2024
2024-05-15 12:00,SHORT,62785.90234375,63539.333171875,-75.34308281249979,12.632523551562501,-87.97560636406229,No,2024-05,2024
2024-05-20 19:00,LONG,66041.515625,68683.17625,264.1660625000004,13.4724691875,250.69359331250038,Yes,2024-05,2024
2024-05-23 13:00,LONG,69692.6328125,68856.32121875,-83.6311593749997,13.854895403125003,-97.4860547781247,No,2024-05,2024
2024-06-04 15:00,LONG,67674.4765625,70381.455625,270.69790625000024,13.805593218750001,256.89231303125024,Yes,2024-06,2024
2024-06-11 10:00,SHORT,69699.328125,66911.355,278.79731250000043,13.661068312500001,265.13624418750044,Yes,2024-06,2024
2024-06-12 12:00,SHORT,68000.65625,68816.664125,-81.60078749999957,13.6817320375,-95.28251953749957,No,2024-06,2024
2024-06-13 15:00,SHORT,69384.7421875,66609.3525,277.53896875000066,13.59940946875,263.93955928125064,Yes,2024-06,2024
2024-06-17 18:00,SHORT,66138.9921875,66932.66009375,-79.36679062500043,13.307165228125001,-92.67395585312543,No,2024-06,2024
2024-06-24 04:00,SHORT,65435.52734375,62818.10625,261.7421093750003,12.825363359375,248.91674601562534,Yes,2024-06,2024
2024-06-30 22:00,SHORT,61423.296875,62160.3764375,-73.70795625000028,12.358367331250001,-86.06632358125027,No,2024-06,2024
2024-07-01 17:00,SHORT,62799.94140625,63553.540703125,-75.35992968749997,12.6353482109375,-87.99527789843748,No,2024-07,2024
2024-07-03 01:00,LONG,62548.40234375,61797.821515625,-75.05808281249993,12.434622385937502,-87.49270519843743,No,2024-07,2024
2024-07-06 15:00,SHORT,56570.2265625,57249.06928125,-67.88427187499984,11.381929584375001,-79.26620145937484,No,2024-07,2024
2024-07-06 22:00,SHORT,57321.34765625,58009.203828125,-68.78561718749988,11.533055148437501,-80.31867233593739,No,2024-07,2024
2024-07-08 00:00,SHORT,58102.40234375,55778.30625,232.40960937499986,11.388070859375,221.02153851562488,Yes,2024-07,2024
2024-07-09 23:00,SHORT,57291.91796875,57979.420984375,-68.75030156249996,11.5271338953125,-80.27743545781246,No,2024-07,2024
2024-07-14 05:00,SHORT,59288.97265625,60000.440328125,-71.14676718749979,11.9289412984375,-83.07570848593728,No,2024-07,2024
2024-07-19 19:00,LONG,64252.58203125,66822.6853125,257.0103281250005,13.107526734375002,243.9028013906255,Yes,2024-07,2024
2024-07-23 19:00,LONG,66631.7265625,65832.14584375,-79.95807187500031,13.246387240625001,-93.20445911562531,No,2024-07,2024
2024-07-25 01:00,LONG,65885.0625,65094.44175,-79.06207500000019,13.097950425,-92.16002542500019,No,2024-07,2024
2024-07-26 02:00,SHORT,65811.203125,66600.9375625,-78.97344374999957,13.24121406875,-92.21465781874959,No,2024-07,2024
2024-07-26 13:00,SHORT,67015.4375,67819.62275,-80.4185249999995,13.483506025,-93.9020310249995,No,2024-07,2024
2024-07-30 01:00,LONG,67024.6796875,66220.38353125,-80.42961562499987,13.324506321875003,-93.75412194687487,No,2024-07,2024
2024-08-04 15:00,SHORT,61964.3984375,59485.822499999995,247.85759375000055,12.14502209375,235.71257165625056,Yes,2024-08,2024
2024-08-06 16:00,SHORT,55910.17578125,56581.097890625,-67.09221093750021,11.249127367187501,-78.34133830468772,No,2024-08,2024
2024-08-08 12:00,SHORT,56766.86328125,57448.065640625,-68.12023593749983,11.421492892187501,-79.54172882968733,No,2024-08,2024
2024-08-08 14:00,SHORT,57960.125,58655.6465,-69.55215000000025,11.661577150000001,-81.21372715000025,No,2024-08,2024
2024-08-08 21:00,SHORT,58961.26953125,59668.804765625,-70.75352343749982,11.8630074296875,-82.61653086718732,No,2024-08,2024
2024-08-08 22:00,SHORT,61065.796875,61798.5864375,-73.27895625000019,12.286438331250002,-85.56539458125019,No,2024-08,2024
2024-08-09 15:00,SHORT,62427.046875,59929.965,249.70818750000035,12.235701187500002,237.47248631250034,Yes,2024-08,2024
2024-08-11 20:00,LONG,59900.8046875,59181.99503125,-71.88096562499996,11.908279971875,-83.78924559687495,No,2024-08,2024
2024-08-14 23:00,SHORT,61226.2109375,58777.1625,244.90484375000017,12.000337343750001,232.90450640625016,Yes,2024-08,2024
2024-08-15 19:00,SHORT,59727.2265625,57338.1375,238.9089062500003,11.70653640625,227.20236984375032,Yes,2024-08,2024
2024-08-16 17:00,SHORT,58440.49609375,59141.782046875,-70.12859531249997,11.7582278140625,-81.88682312656248,No,2024-08,2024
2024-08-18 02:00,SHORT,59163.39453125,59873.355265625,-70.99607343750031,11.903674979687501,-82.89974841718782,No,2024-08,2024
2024-08-20 00:00,SHORT,59541.63671875,60256.136359375,-71.44996406249993,11.979777307812501,-83.42974137031243,No,2024-08,2024
2024-08-20 05:00,SHORT,60385.1796875,61109.80184375,-72.46221562499996,12.149498153125002,-84.61171377812495,No,2024-08,2024
2024-08-23 17:00,LONG,59476.6171875,61855.681875,237.90646875000022,12.133229906250001,225.77323884375022,Yes,2024-08,2024
2024-08-27 00:00,LONG,63646.1640625,62882.41009375,-76.3753968750003,12.652857415625,-89.0282542906253,No,2024-08,2024
2024-08-27 21:00,LONG,62325.88671875,61577.976078125,-74.79106406249994,12.390386279687501,-87.18145034218745,No,2024-08,2024
2024-09-01 22:00,SHORT,60135.0078125,57729.6075,240.5400312500002,11.786461531250001,228.75356971875019,Yes,2024-09,2024
2024-09-03 01:00,SHORT,58630.93359375,59334.504796875,-70.35712031250004,11.796543839062501,-82.15366415156254,No,2024-09,2024
2024-09-05 15:00,SHORT,58399.09765625,56063.13375,233.5963906249999,11.446223140625001,222.1501674843749,Yes,2024-09,2024
2024-09-09 00:00,SHORT,54357.84765625,55010.141828125,-65.22941718750008,10.936798948437502,-76.16621613593757,No,2024-09,2024
2024-09-09 10:00,SHORT,54652.68359375,55308.515796875,-65.5832203124999,10.9961199390625,-76.5793402515624,No,2024-09,2024
2024-09-09 16:00,SHORT,55355.8515625,56020.12178125,-66.42702187500036,11.137597334375002,-77.56461920937537,No,2024-09,2024
2024-09-10 19:00,SHORT,57163.04296875,57848.999484375,-68.59565156250028,11.501204245312502,-80.09685580781277,No,2024-09,2024
2024-09-11 13:00,LONG,56677.48046875,55997.350703125,-68.01297656250027,11.267483117187501,-79.28045967968778,No,2024-09,2024
2024-09-16 00:00,LONG,59820.88671875,59103.036078125,-71.78506406250017,11.892392279687503,-83.67745634218767,No,2024-09,2024
2024-09-16 14:00,LONG,58679.8515625,57975.69334375,-70.41582187500026,11.665554490625,-82.08137636562526,No,2024-09,2024
2024-09-17 14:00,SHORT,59220.04296875,59930.683484375004,-71.0640515625004,11.9150726453125,-82.9791242078129,No,2024-09,2024
2024-09-26 15:00,LONG,62629.88671875,65135.082187500004,250.5195468750004,12.776496890625001,237.7430499843754,Yes,2024-09,2024
2024-09-30 01:00,LONG,65546.28125,64759.725875,-78.65553750000036,13.0306007125,-91.68613821250037,No,2024-09,2024
2024-09-30 09:00,LONG,64757.0703125,63979.98546875,-77.70848437500027,12.873705578125,-90.58218995312527,No,2024-09,2024
2024-10-07 00:00,SHORT,62744.74609375,63497.683046875,-75.29369531249976,12.6242429140625,-87.91793822656227,No,2024-10,2024
2024-10-11 13:00,SHORT,60641.03125,61368.723625,-72.76923749999987,12.200975487500001,-84.97021298749988,No,2024-10,2024
2024-10-11 17:00,SHORT,61779.76953125,62521.126765625,-74.13572343749983,12.430089629687501,-86.56581306718734,No,2024-10,2024
2024-10-14 03:00,SHORT,62881.37890625,63635.955453125,-75.45765468750032,12.651733435937501,-88.10938812343782,No,2024-10,2024
2024-10-21 14:00,LONG,68149.21875,67331.428125,-81.77906249999943,13.548064687500002,-95.32712718749943,No,2024-10,2024
2024-10-23 10:00,LONG,67216.953125,66410.3496875,-80.66034375000018,13.362730281250002,-94.02307403125019,No,2024-10,2024
2024-10-24 13:00,SHORT,67021.5703125,67825.82915625,-80.42588437499944,13.484739946875,-93.91062432187444,No,2024-10,2024
2024-10-28 09:00,SHORT,67541.5390625,68352.03753125,-81.04984687499964,13.589357659375,-94.63920453437464,No,2024-10,2024
2024-11-01 01:00,LONG,70652.5859375,69804.75490625,-84.78310312499963,14.045734084375002,-98.82883720937463,No,2024-11,2024
2024-11-06 00:00,SHORT,69638.703125,70474.3675625,-83.56644375000033,14.011307068750002,-97.57775081875035,No,2024-11,2024
2024-11-10 04:00,LONG,74993.046875,77992.76875,299.9721875000003,15.2985815625,284.6736059375003,Yes,2024-11,2024
2024-11-15 20:00,LONG,87161.6484375,90648.114375,348.6465937500005,17.780976281250002,330.8656174687505,Yes,2024-11,2024
2024-11-24 12:00,LONG,98534.328125,97351.9161875,-118.2411937500001,19.588624431250004,-137.8298181812501,No,2024-11,2024
2024-11-25 19:00,LONG,96028.0625,94875.72575,-115.23367500000023,19.090378825000002,-134.32405382500022,No,2024-11,2024
2024-11-27 14:00,SHORT,93400.0078125,94520.80790625,-112.08000937500037,18.792081571875002,-130.87209094687537,No,2024-11,2024
2024-11-27 17:00,SHORT,94927.296875,96066.4244375,-113.9127562499998,19.09937213125,-133.0121283812498,No,2024-11,2024
2024-11-29 14:00,SHORT,96315.765625,97471.5548125,-115.5789187500006,19.378732043750006,-134.9576507937506,No,2024-11,2024
2024-12-02 08:00,LONG,96715.046875,95554.4663125,-116.05805625000067,19.22695131875,-135.28500756875067,No,2024-12,2024
2024-12-05 22:00,LONG,98968.9140625,97781.28709375,-118.76269687500026,19.675020115625003,-138.43771699062526,No,2024-12,2024
2024-12-06 18:00,LONG,97571.6171875,101474.481875,390.2864687499998,19.904609906250002,370.3818588437498,Yes,2024-12,2024
2024-12-09 11:00,LONG,99581.1484375,98386.17465625,-119.49737812499953,19.796732309375003,-139.29411043437452,No,2024-12,2024
2024-12-11 13:00,SHORT,97404.828125,98573.6860625,-116.88579374999972,19.59785141875,-136.48364516874972,No,2024-12,2024
2024-12-11 15:00,SHORT,98711.078125,99895.6110625,-118.45329375000001,19.86066891875,-138.31396266875,No,2024-12,2024
2024-12-12 02:00,SHORT,100446.09375,101651.446875,-120.53531249999942,20.2097540625,-140.74506656249943,No,2024-12,2024
2024-12-16 00:00,LONG,100971.7109375,105010.579375,403.88684375000014,20.598229031250003,383.2886147187502,Yes,2024-12,2024
2024-12-18 20:00,LONG,103833.3359375,102587.33590625,-124.60000312500051,20.642067184375,-145.24207030937552,No,2024-12,2024
2024-12-21 05:00,SHORT,97374.8671875,98543.36559375,-116.84984062500007,19.591823278125002,-136.4416639031251,No,2024-12,2024
2024-12-22 19:00,SHORT,98657.109375,94710.825,394.6284375000003,19.3367934375,375.29164406250027,Yes,2024-12,2024
2024-12-24 22:00,SHORT,97391.59375,98560.292875,-116.86991249999993,19.595188662500004,-136.46510116249993,No,2024-12,2024
2024-12-27 15:00,SHORT,98769.40625,94818.62999999999,395.07762500000104,19.358803625,375.7188213750011,Yes,2024-12,2024
2025-01-02 09:00,SHORT,95213.5078125,96356.06990625,-114.25620937500062,19.156957771875003,-133.41316714687562,No,2025-01,2025
2025-01-06 14:00,LONG,96057.6875,99899.99500000001,384.230750000001,19.595768250000003,364.63498175000103,Yes,2025-01,2025
2025-01-07 15:00,LONG,100747.6171875,99538.64578125,-120.89714062499989,20.028626296875004,-140.9257669218749,No,2025-01,2025
2025-01-07 18:00,LONG,97960.390625,96784.8659375,-117.55246875000012,19.47452565625,-137.0269944062501,No,2025-01,2025
2025-01-10 17:00,SHORT,94527.296875,95661.6244375,-113.43275624999951,19.018892131250002,-132.4516483812495,No,2025-01,2025
2025-01-14 09:00,SHORT,94445.8515625,95579.20178125,-113.33502187499981,19.002505334375,-132.3375272093748,No,2025-01,2025
2025-01-15 13:00,SHORT,97101.984375,98267.2081875,-116.52238125000004,19.536919256250002,-136.05930050625003,No,2025-01,2025
2025-01-17 01:00,LONG,97605.2890625,101509.500625,390.4211562500001,19.91147896875,370.5096772812501,Yes,2025-01,2025
2025-01-19 23:00,LONG,103099.0703125,101861.88146875,-123.7188843750002,20.496095178125003,-144.2149795531252,No,2025-01,2025
2025-01-20 06:00,LONG,100968.796875,105007.54875,403.8751875000002,20.5976345625,383.2775529375002,Yes,2025-01,2025
2025-01-22 23:00,LONG,104958.328125,103698.8281875,-125.94999375000043,20.86571563125,-146.81570938125043,No,2025-01,2025
2025-01-27 01:00,LONG,102839.5703125,101605.49546875,-123.40748437500007,20.444506578125,-143.85199095312507,No,2025-01,2025
2025-01-29 20:00,SHORT,102746.09375,103979.046875,-123.29531250000001,20.6725140625,-143.9678265625,No,2025-01,2025
2025-01-31 18:00,LONG,104002.546875,102754.5163125,-124.80305625000038,20.675706318750002,-145.4787625687504,No,2025-01,2025
2025-02-03 19:00,SHORT,99271.7109375,100462.97146875,-119.12605312499946,19.973468240625003,-139.09952136562444,No,2025-02,2025
2025-02-04 21:00,SHORT,102005.890625,97925.655,408.02356250000014,19.993154562500003,388.0304079375001,Yes,2025-02,2025
2025-02-18 16:00,SHORT,98930.5078125,94973.28749999999,395.7220312500009,19.390379531249998,376.3316517187509,Yes,2025-02,2025
2025-02-20 00:00,SHORT,95661.5,96809.438,-114.79379999999946,19.247093800000002,-134.04089379999945,No,2025-02,2025
2025-02-20 19:00,SHORT,97218.125,98384.74250000001,-116.66175000000077,19.560286750000003,-136.22203675000077,No,2025-02,2025
2025-02-24 22:00,SHORT,96468.9375,92610.18,385.8757500000007,18.907911750000004,366.96783825000074,Yes,2025-02,2025
2025-02-28 01:00,SHORT,86044.6171875,82602.8325,344.17846874999964,16.864744968750003,327.3137237812497,Yes,2025-02,2025
2025-03-01 04:00,SHORT,84407.1640625,85420.05003125001,-101.2885968750008,16.982721409375003,-118.27131828437581,No,2025-03,2025
2025-03-02 15:00,SHORT,86208.6953125,87243.19965625,-103.4504343749999,17.345189496875,-120.79562387187491,No,2025-03,2025
2025-03-02 17:00,SHORT,91515.8515625,92614.04178125,-109.81902187499946,18.412989334375002,-128.23201120937446,No,2025-03,2025
2025-03-03 14:00,SHORT,94013.328125,90252.795,376.0533125000002,18.4266123125,357.62670018750015,Yes,2025-03,2025
2025-03-05 09:00,SHORT,87125.46875,88170.974375,-104.55056250000052,17.529644312500004,-122.08020681250052,No,2025-03,2025
2025-03-06 01:00,SHORT,89995.8046875,91075.75434375,-107.9949656249999,18.107155903124998,-126.1021215281249,No,2025-03,2025
2025-03-07 21:00,SHORT,90461.6328125,86843.1675,361.84653125000045,17.730480031250003,344.11605121875044,Yes,2025-03,2025
2025-03-10 14:00,SHORT,83314.4375,79981.86,333.25775,16.329629750000002,316.92812025,Yes,2025-03,2025
2025-03-11 18:00,SHORT,81117.4765625,82090.88628125,-97.34097187500011,16.320836284375,-113.66180815937511,No,2025-03,2025
2025-03-14 15:00,SHORT,83191.734375,84190.0351875,-99.83008125000052,16.73817695625,-116.56825820625052,No,2025-03,2025
2025-03-18 13:00,SHORT,84746.7265625,81356.8575,338.9869062500002,16.61035840625,322.3765478437502,Yes,2025-03,2025
2025-03-19 13:00,SHORT,83184.4296875,84182.64284375,-99.821315625,16.736707253125,-116.558022878125,No,2025-03,2025
2025-03-19 18:00,SHORT,84198.3046875,85208.68434375,-101.03796562500065,16.940698903125003,-117.97866452812566,No,2025-03,2025
2025-03-28 07:00,LONG,86449.3203125,85411.92846875,-103.73918437499961,17.186124878125,-120.92530925312461,No,2025-03,2025
2025-04-01 09:00,SHORT,83130.40625,84127.971125,-99.75648749999965,16.7258377375,-116.48232523749965,No,2025-04,2025
2025-04-02 13:00,SHORT,84357.8515625,85370.14578125,-101.22942187500013,16.972799734375002,-118.20222160937513,No,2025-04,2025
2025-04-06 18:00,SHORT,83951.1875,80593.14,335.80475000000007,16.454432750000002,319.3503172500001,Yes,2025-04,2025
2025-04-07 22:00,SHORT,78813.859375,79759.6256875,-94.57663124999964,15.85734850625,-110.43397975624964,No,2025-04,2025
2025-04-08 19:00,SHORT,79993.53125,76793.79,319.97412500000064,15.678732125,304.29539287500063,Yes,2025-04,2025
2025-04-09 21:00,SHORT,82134.9296875,83120.54884375,-98.56191562500027,16.525547853125,-115.08746347812527,No,2025-04,2025
2025-04-10 15:00,SHORT,83268.90625,79938.15,333.0756250000006,16.320705625000002,316.75491937500067,Yes,2025-04,2025
2025-04-11 09:00,SHORT,80766.9609375,81736.16446875,-96.9203531249994,16.250312540625004,-113.1706656656244,No,2025-04,2025
2025-04-11 17:00,SHORT,82296.140625,83283.6943125,-98.75536874999962,16.55798349375,-115.31335224374962,No,2025-04,2025
2025-04-21 01:00,LONG,83510.0,86850.40000000001,334.0400000000009,17.03604,317.00396000000086,Yes,2025-04,2025
2025-05-01 10:00,LONG,92212.96875,95901.4875,368.8518750000003,18.811445625,350.04042937500026,Yes,2025-05,2025
2025-05-04 16:00,LONG,96534.84375,95376.425625,-115.84181249999966,19.1911269375,-135.03293943749966,No,2025-05,2025
2025-05-08 02:00,SHORT,96837.59375,97999.644875,-116.20511249999981,19.4837238625,-135.6888363624998,No,2025-05,2025
2025-05-18 16:00,LONG,101717.5,105786.2,406.8699999999997,20.75037,386.11962999999974,Yes,2025-05,2025
2025-05-21 05:00,LONG,103407.671875,107543.97875000001,413.63068750000093,21.0951650625,392.53552243750096,Yes,2025-05,2025
2025-05-25 08:00,LONG,108533.75,107231.345,-130.24049999999988,21.5765095,-151.81700949999987,No,2025-05,2025
2025-05-29 18:00,LONG,107272.375,105985.1065,-128.72685000000055,21.325748150000003,-150.05259815000056,No,2025-05,2025
2025-06-02 23:00,SHORT,104571.5859375,105826.44496875,-125.48590312500019,21.039803090625,-146.52570621562518,No,2025-06,2025
2025-06-05 19:00,SHORT,106297.7890625,102045.8775,425.1911562499998,20.83436665625,404.3567895937498,Yes,2025-06,2025
2025-06-06 15:00,SHORT,103771.671875,105016.9319375,-124.5260062500005,20.878860381250004,-145.4048666312505,No,2025-06,2025
2025-06-08 18:00,SHORT,105098.6015625,106359.78478125,-126.11832187499968,21.145838634375004,-147.26416050937468,No,2025-06,2025
2025-06-12 10:00,LONG,108635.9609375,107332.32940624999,-130.36315312500082,21.596829034375,-151.9599821593758,No,2025-06,2025
2025-06-12 20:00,LONG,107310.1796875,106022.45753125,-128.77221562500054,21.333263721875,-150.10547934687554,No,2025-06,2025
2025-06-16 07:00,SHORT,105454.7890625,106720.24653125,-126.5457468749999,21.217503559375004,-147.7632504343749,No,2025-06,2025
2025-06-16 19:00,SHORT,107164.796875,108450.7744375,-128.5977562500004,21.56155713125,-150.1593133812504,No,2025-06,2025
2025-06-21 21:00,SHORT,105840.84375,101607.20999999999,423.3633750000008,20.744805375,402.6185696250008,Yes,2025-06,2025
2025-06-23 19:00,SHORT,101841.09375,103063.186875,-122.20931249999995,20.4904280625,-142.69974056249995,No,2025-06,2025
2025-06-25 10:00,SHORT,105721.0,106989.652,-126.86520000000019,21.271065200000002,-148.1362652000002,No,2025-06,2025
2025-07-01 14:00,LONG,107520.6640625,106230.41609375,-129.0247968750002,21.375108015625003,-150.3999048906252,No,2025-07,2025
2025-07-02 16:00,SHORT,107744.9375,109037.87675,-129.29392499999958,21.678281425,-150.97220642499957,No,2025-07,2025
2025-07-04 14:00,LONG,109299.890625,107988.2919375,-131.15986874999945,21.72881825625,-152.88868700624946,No,2025-07,2025
2025-07-10 16:00,LONG,107858.15625,112172.4825,431.43262499999986,22.003063875000002,409.42956112499985,Yes,2025-07,2025
2025-07-15 02:00,LONG,119836.3125,118398.27675,-143.80357499999954,23.823458925,-167.62703392499955,No,2025-07,2025
2025-07-15 08:00,LONG,118308.3515625,116888.65134375,-141.97002187500038,23.519700290625003,-165.48972216562538,No,2025-07,2025
2025-07-25 07:00,LONG,116777.9140625,115376.57909375,-140.13349687500013,23.215449315625,-163.34894619062516,No,2025-07,2025
2025-07-27 16:00,SHORT,117529.9609375,118940.32046875,-141.03595312499965,23.647028140625,-164.68298126562465,No,2025-07,2025
2025-08-01 18:00,SHORT,118582.8984375,113839.58249999999,474.33159375000105,23.24224809375,451.08934565625106,Yes,2025-08,2025
2025-08-04 16:00,SHORT,113681.1875,115045.36175,-136.41742499999964,22.872654925000006,-159.29007992499965,No,2025-08,2025
2025-08-06 17:00,SHORT,114123.0859375,115492.56296875,-136.9477031250004,22.961564890625,-159.9092680156254,No,2025-08,2025
2025-08-07 19:00,SHORT,115504.3984375,116890.45121875001,-138.60527812500078,23.239484965625003,-161.8447630906258,No,2025-08,2025
2025-08-11 02:00,LONG,116510.625,121171.05,466.0425000000003,23.768167500000004,442.2743325000003,Yes,2025-08,2025
2025-08-14 16:00,LONG,119530.5859375,118096.21890625,-143.43670312500035,23.762680484375,-167.19938360937536,No,2025-08,2025
2025-08-19 14:00,SHORT,119188.8359375,114421.2825,476.7553437499999,23.361011843750003,453.3943319062499,Yes,2025-08,2025
2025-08-25 10:00,SHORT,115893.3984375,111257.66249999999,463.5735937500009,22.715106093750002,440.8584876562509,Yes,2025-08,2025
2025-08-28 04:00,SHORT,111367.6640625,112704.07603125,-133.64119687500062,22.407174009375,-156.0483708843756,No,2025-08,2025
2025-08-29 14:00,SHORT,112917.171875,108400.485,451.6686875,22.1317656875,429.53692181249994,Yes,2025-08,2025
2025-09-02 03:00,SHORT,108863.3203125,110169.68015625,-130.63598437500042,21.903300046875003,-152.5392844218754,No,2025-09,2025
2025-09-02 13:00,SHORT,109632.28125,110947.868625,-131.5587375000003,22.058014987500002,-153.6167524875003,No,2025-09,2025
2025-09-04 16:00,LONG,110816.671875,109486.8718125,-132.98000624999986,22.030354368750004,-155.01036061874984,No,2025-09,2025
2025-09-05 07:00,SHORT,111594.609375,112933.7446875,-133.91353125000023,22.452835406250003,-156.36636665625022,No,2025-09,2025
2025-09-08 14:00,SHORT,111092.46875,112425.578375,-133.31096249999973,22.3518047125,-155.66276721249972,No,2025-09,2025
2025-09-12 18:00,LONG,111501.578125,115961.64125,446.0063125000001,22.746321937500003,423.2599905625001,Yes,2025-09,2025
2025-09-22 06:00,LONG,115626.7265625,114239.20584375,-138.75207187500055,22.986593240625,-161.73866511562554,No,2025-09,2025
2025-09-29 19:00,SHORT,112882.3671875,114236.95559375,-135.45884062499974,22.711932278125005,-158.17077290312474,No,2025-09,2025
2025-10-01 15:00,LONG,112874.5859375,117389.569375,451.4983437500007,23.026415531250002,428.4719282187507,Yes,2025-10,2025
2025-10-09 16:00,LONG,121626.8515625,120167.32934375,-145.9522218750004,24.179418090625003,-170.1316399656254,No,2025-10,2025
2025-10-12 16:00,SHORT,112306.71875,113654.39937500001,-134.7680625000008,22.596111812500002,-157.36417431250084,No,2025-10,2025
2025-10-13 01:00,SHORT,114139.5234375,115509.19771875,-136.96742812500017,22.964872115625,-159.93230024062515,No,2025-10,2025
2025-10-14 10:00,SHORT,115827.6796875,111194.5725,463.31071875000055,22.70222521875,440.6084935312506,Yes,2025-10,2025
2025-10-16 17:00,SHORT,113029.125,108507.95999999999,452.1165000000008,22.1537085,429.96279150000083,Yes,2025-10,2025
2025-10-20 03:00,SHORT,108495.65625,109797.604125,-130.19478749999982,21.829326037500003,-152.02411353749983,No,2025-10,2025
2025-10-21 15:00,SHORT,111010.6796875,112342.80784375001,-133.21281562500081,22.335348753125004,-155.54816437812582,No,2025-10,2025
2025-10-22 21:00,SHORT,112030.90625,107549.67,448.1236250000002,21.958057625000002,426.16556737500014,Yes,2025-10,2025
2025-10-25 08:00,SHORT,110241.6484375,111564.54821875,-132.2899781250002,22.180619665625002,-154.47059779062522,No,2025-10,2025
2025-10-29 00:00,LONG,113948.3828125,112581.00221875,-136.738059375,22.652938503125,-159.390997878125,No,2025-10,2025
2025-10-29 16:00,LONG,112838.28125,111484.221875,-135.4059374999997,22.432250312500003,-157.8381878124997,No,2025-10,2025
2025-11-04 05:00,SHORT,110014.4375,105613.86,440.05774999999994,21.56282975,418.4949202499999,Yes,2025-11,2025
2025-11-09 18:00,SHORT,103150.4140625,104388.21903125,-123.78049687500025,20.753863309375,-144.53436018437523,No,2025-11,2025
2025-11-10 00:00,SHORT,104487.046875,105740.8914375,-125.38445625000023,21.022793831250002,-146.40725008125023,No,2025-11,2025
2025-11-12 15:00,SHORT,106373.5703125,102118.6275,425.4942812499998,20.84921978125,404.64506146874976,Yes,2025-11,2025
2025-11-13 18:00,SHORT,103599.8046875,99455.8125,414.39921875000005,20.305561718750003,394.0936570312501,Yes,2025-11,2025
2025-11-17 19:00,SHORT,96270.3984375,92419.58249999999,385.08159375000105,18.86899809375,366.21259565625104,Yes,2025-11,2025
2025-11-19 17:00,SHORT,93389.5546875,89653.9725,373.5582187499997,18.304352718750003,355.2538660312497,Yes,2025-11,2025
2025-11-20 16:00,SHORT,92524.6171875,88823.63249999999,370.0984687500008,18.134824968750003,351.96364378125077,Yes,2025-11,2025
2025-11-23 15:00,SHORT,86008.625,87040.7285,-103.21034999999975,17.30493535,-120.51528534999976,No,2025-11,2025
2025-11-24 20:00,SHORT,87973.9453125,89029.63265625,-105.56873437500036,17.700357796875004,-123.26909217187537,No,2025-11,2025
2025-11-27 01:00,SHORT,89942.109375,91021.4146875,-107.93053125000006,18.09635240625,-126.02688365625006,No,2025-11,2025
2025-11-28 13:00,SHORT,91038.1484375,92130.60621875,-109.24577812500065,18.316875465625003,-127.56265359062566,No,2025-11,2025
2025-12-01 00:00,LONG,90850.890625,89760.6799375,-109.02106875000027,18.061157056250003,-127.08222580625028,No,2025-12,2025
2025-12-02 14:00,SHORT,86997.5390625,88041.50953125,-104.39704687500053,17.503904859375,-121.90095173437552,No,2025-12,2025
2025-12-02 15:00,SHORT,89157.0625,90226.94725,-106.98847499999975,17.938400975,-124.92687597499975,No,2025-12,2025
2025-12-03 01:00,SHORT,90948.328125,92039.7080625,-109.13799374999945,18.29880361875,-127.43679736874945,No,2025-12,2025
2025-12-09 15:00,SHORT,91271.1640625,92366.41803125,-109.52539687499957,18.363758209375,-127.88915508437456,No,2025-12,2025
2025-12-11 00:00,LONG,92708.0390625,91595.54259375,-111.24964687500034,18.430358165625,-129.68000504062533,No,2025-12,2025
2025-12-15 14:00,SHORT,91813.8203125,88141.2675,367.2552812499998,17.995508781250003,349.2597724687498,Yes,2025-12,2025
2025-12-17 14:00,SHORT,87875.8828125,88930.39340625,-105.45105937500048,17.680627621875,-123.13168699687547,No,2025-12,2025
2025-12-18 13:00,SHORT,86946.1015625,87989.45478125,-104.33532187499951,17.493555634375,-121.82887750937451,No,2025-12,2025
2025-12-18 19:00,SHORT,88797.2890625,85245.39749999999,355.18915625000085,17.404268656250004,337.78488759375085,Yes,2025-12,2025
2025-12-22 07:00,SHORT,88015.984375,89072.1761875,-105.61918124999939,17.70881605625,-123.32799730624939,No,2025-12,2025
2025-12-26 02:00,SHORT,87941.3515625,88996.64778125,-105.52962187499944,17.693799934375,-123.22342180937444,No,2025-12,2025
2025-12-29 02:00,SHORT,87407.640625,88456.5323125,-104.88916874999995,17.586417293750003,-122.47558604374996,No,2025-12,2025
2025-12-30 15:00,SHORT,87844.3203125,88898.45215625,-105.41318437500013,17.674277246875,-123.08746162187514,No,2025-12,2025
2026-01-02 16:00,SHORT,88947.28125,90014.648625,-106.73673750000017,17.8961929875,-124.63293048750018,No,2026-01,2026
2026-01-06 17:00,LONG,93213.8984375,92095.33165625,-111.85667812500033,18.530923009375,-130.38760113437533,No,2026-01,2026
2026-01-08 06:00,LONG,91550.1796875,90451.57753125,-109.86021562499955,18.200175721875,-128.06039134687455,No,2026-01,2026
2026-01-13 14:00,SHORT,91112.8046875,92206.15834375,-109.3353656249994,18.331896303125,-127.66726192812439,No,2026-01,2026
2026-01-19 00:00,LONG,94605.625,93470.3575,-113.52675000000018,18.80759825,-132.33434825000018,No,2026-01,2026
2026-01-25 19:00,SHORT,90108.515625,86504.175,360.43406249999975,17.661269062500004,342.77279343749973,Yes,2026-01,2026
2026-01-27 02:00,SHORT,87551.1015625,88601.71478125,-105.06132187500043,17.615281634375002,-122.67660350937543,No,2026-01,2026
2026-01-28 13:00,SHORT,89012.0546875,90080.19934375,-106.8144656250006,17.909225403125,-124.72369102812559,No,2026-01,2026
2026-01-31 16:00,SHORT,84118.9765625,80754.2175,336.47590625000015,16.487319406250002,319.98858684375017,Yes,2026-01,2026
2026-02-03 17:00,SHORT,78959.21875,75800.84999999999,315.8368750000009,15.476006875,300.3608681250009,Yes,2026-02,2026
2026-02-04 17:00,SHORT,76421.3046875,73364.4525,305.68521875000005,14.978575718750001,290.70664303125005,Yes,2026-02,2026
2026-02-06 14:00,SHORT,67311.828125,68119.5700625,-80.77419375000028,13.543139818750001,-94.31733356875027,No,2026-02,2026
2026-02-06 16:00,SHORT,68182.078125,69000.2630625,-81.8184937500002,13.71823411875,-95.5367278687502,No,2026-02,2026
2026-02-06 17:00,SHORT,69743.1484375,70580.06621875,-83.69177812499984,14.032321465625,-97.72409959062483,No,2026-02,2026
2026-02-07 10:00,SHORT,70801.6171875,67969.55249999999,283.20646875000097,13.877116968749998,269.329351781251,Yes,2026-02,2026
2026-02-11 03:00,SHORT,71108.65625,68264.31,284.43462500000027,13.937296625000002,270.4973283750003,Yes,2026-02,2026
2026-02-13 15:00,SHORT,66946.578125,67749.9370625,-80.33589375000011,13.469651518750002,-93.80554526875011,No,2026-02,2026
2026-02-14 08:00,SHORT,68573.484375,69396.3661875,-82.28818124999962,13.796985056250001,-96.08516630624962,No,2026-02,2026
2026-02-15 07:00,SHORT,69616.640625,70452.0403125,-83.53996875000013,14.00686809375,-97.54683684375013,No,2026-02,2026
2026-02-20 05:00,SHORT,66813.484375,67615.2461875,-80.17618125000008,13.44287305625,-93.61905430625009,No,2026-02,2026
2026-02-21 15:00,SHORT,67743.9921875,68556.92009375,-81.29279062499991,13.630091228125002,-94.92288185312492,No,2026-02,2026
2026-02-23 01:00,SHORT,68400.296875,65664.285,273.60118749999964,13.4064581875,260.1947293124996,Yes,2026-02,2026
2026-02-25 01:00,SHORT,64427.65234375,65200.784171875,-77.31318281249987,12.962843651562501,-90.27602646406238,No,2026-02,2026
2026-02-25 14:00,SHORT,65926.2578125,66717.37290625,-79.11150937500061,13.264363071875003,-92.37587244687562,No,2026-02,2026
2026-02-25 16:00,SHORT,66909.9296875,67712.84884375,-80.29191562500056,13.462277853125002,-93.75419347812556,No,2026-02,2026
2026-02-25 18:00,SHORT,68298.890625,69118.4773125,-81.95866875000065,13.74173679375,-95.70040554375066,No,2026-02,2026
2026-02-26 16:00,SHORT,69373.6328125,66598.6875,277.49453125,13.597232031250002,263.89729921875005,Yes,2026-02,2026
2026-03-02 15:00,SHORT,66903.65625,67706.500125,-80.2843875000006,13.461015637500001,-93.7454031375006,No,2026-03,2026
2026-03-03 08:00,LONG,68093.921875,67276.7948125,-81.71270625000034,13.53707166875,-95.24977791875034,No,2026-03,2026
2026-03-04 08:00,LONG,66989.2109375,69668.779375,267.95684374999985,13.66579903125,254.29104471874984,Yes,2026-03,2026
2026-03-06 12:00,LONG,70928.421875,70077.2808125,-85.1141062499999,14.100570268750001,-99.21467651874991,No,2026-03,2026
2026-03-09 13:00,SHORT,68197.796875,69016.1704375,-81.83735624999973,13.721396731250001,-95.55875298124974,No,2026-03,2026
2026-03-10 02:00,SHORT,69038.953125,69867.4205625,-82.84674375000031,13.890637368750003,-96.7373811187503,No,2026-03,2026
2026-03-13 10:00,LONG,69552.3046875,72334.396875,278.2092187500006,14.188670156250001,264.0205485937506,Yes,2026-03,2026
2026-03-16 04:00,LONG,70859.34375,73693.7175,283.4373749999999,14.455306125,268.98206887499987,Yes,2026-03,2026
2026-03-18 13:00,LONG,72931.2109375,72056.03640625,-87.51745312499989,14.498724734375001,-102.01617785937489,No,2026-03,2026
2026-03-18 18:00,LONG,72050.671875,71186.0638125,-86.46080625000032,14.323673568750001,-100.78447981875033,No,2026-03,2026
2026-03-22 21:00,SHORT,70785.0546875,67953.6525,283.1402187500004,13.87387071875,269.2663480312504,Yes,2026-03,2026
2026-03-26 17:00,SHORT,71410.3125,68553.9,285.6412500000006,13.996421250000001,271.64482875000056,Yes,2026-03,2026
2026-03-30 04:00,SHORT,66508.2421875,67306.34109375,-79.80989062500012,13.381458328125001,-93.19134895312513,No,2026-03,2026
2026-04-01 06:00,SHORT,67863.6015625,68677.96478125,-81.43632187500043,13.654156634375003,-95.09047850937543,No,2026-04,2026
2026-04-02 04:00,SHORT,69125.265625,66360.255,276.50106249999953,13.5485520625,262.95251043749954,Yes,2026-04,2026
2026-04-05 22:00,SHORT,67364.34375,68172.715875,-80.83721249999945,13.5537059625,-94.39091846249946,No,2026-04,2026
2026-04-06 02:00,SHORT,68325.484375,69145.3901875,-81.9905812500001,13.747087456250002,-95.7376687062501,No,2026-04,2026
2026-04-07 22:00,LONG,68623.734375,71368.68375,274.49493749999965,13.999241812500001,260.4956956874996,Yes,2026-04,2026
